"DistrictName","DistrictCode","Party","Gender","Race/ Ethnicity","2020HouseDemCount","2020HouseRepCount","BirthYear","Religion","LGBTQ"
"Alabama's 1st","AL-01","Republican","Man","White - Non-Hispanic","116949","211825","1958","Christian - Protestant - Southern Baptist","No"
"Alabama's 2nd","AL-02","Republican","Man","White - Non-Hispanic","105286","197996","1966","Christian - Protestant - Southern Baptist","No"
"Alabama's 3rd","AL-03","Republican","Man","White - Non-Hispanic","104595","217384","1958","Christian - Protestant - Southern Baptist","No"
"Alabama's 4th","AL-04","Republican","Man","White - Non-Hispanic","56237","261553","1965","Christian - Protestant - Congregationalist","No"
"Alabama's 5th","AL-05","Republican","Man","White - Non-Hispanic","0","253094","1954","Christian - Protestant - Nondenominational","No"
"Alabama's 6th","AL-06","Republican","Man","White - Non-Hispanic","0","274160","1954","Christian - Protestant - Presbyterian","No"
"Alabama's 7th","AL-07","Democratic","Woman","Black - African-American","225742","0","1965","Christian - Protestant - Methodist","No"
"Alaska's At-Large","AK-00","Republican","Man","White - Non-Hispanic","159856","192126","1933","Christian - Protestant - Episcopalian","No"
"Arizona's 1st","AZ-01","Democratic","Man","White - Non-Hispanic","188469","176709","1946","Christian - Roman Catholic","No"
"Arizona's 2nd","AZ-02","Democratic","Woman","White - Non-Hispanic","209945","170975","1950","Christian - Roman Catholic","No"
"Arizona's 3rd","AZ-03","Democratic","Man","Hispanic - Mexican","174243","95594","1948","Christian - Roman Catholic","No"
"Arizona's 4th","AZ-04","Republican","Man","White - Non-Hispanic","120484","278002","1958","Christian - Roman Catholic","No"
"Arizona's 5th","AZ-05","Republican","Man","White - Non-Hispanic","183171","262414","1958","Christian - Mormon","No"
"Arizona's 6th","AZ-06","Republican","Man","White - Non-Hispanic","199644","217783","1962","Christian - Roman Catholic","No"
"Arizona's 7th","AZ-07","Democratic","Man","Hispanic - Mexican/Colombian","165452","50226","1979","Christian - Roman Catholic","No"
"Arizona's 8th","AZ-08","Republican","Woman","White - Non-Hispanic","170816","251633","1958","Christian - Protestant","No"
"Arizona's 9th","AZ-09","Democratic","Man","White - Non-Hispanic","217094","135180","1970","Christian - Roman Catholic","No"
"Arkansas' 1st","AR-01","Republican","Man","White - Non-Hispanic","0","237596","1966","Christian - Protestant - Southern Baptist","No"
"Arkansas' 2nd","AR-02","Republican","Man","White - Non-Hispanic","148410","184093","1956","Christian - Roman Catholic","No"
"Arkansas' 3rd","AR-03","Republican","Man","White - Non-Hispanic","106325","214960","1957","Christian - Protestant - Southern Baptist","No"
"Arkansas' 4th","AR-04","Republican","Man","White - Non-Hispanic","75750","191617","1967","Christian - Protestant - Southern Baptist","No"
"California's 1st","CA-01","Republican","Man","White - Non-Hispanic","154073","204190","1960","Christian - Protestant","No"
"California's 2nd","CA-02","Democratic","Man","White - Non-Hispanic","294435","94320","1964","Unknown/Refused","No"
"California's 3rd","CA-03","Democratic","Man","White - Non-Hispanic","176043","145945","1945","Christian - Protestant","No"
"California's 4th","CA-04","Republican","Man","White - Non-Hispanic","194731","247291","1956","Christian - Protestant - Baptist","No"
"California's 5th","CA-05","Democratic","Man","White - Non-Hispanic","271233","85227","1951","Christian - Roman Catholic","No"
"California's 6th","CA-06","Democratic","Woman","Asian - Japanese","229648","83466","1944","Christian - Protestant - Methodist","No"
"California's 7th","CA-07","Democratic","Man","Asian - Indian","217416","166549","1965","Unitarian Universalist","No"
"California's 8th","CA-08","Republican","Man","White - Non-Hispanic","124400","158711","1970","Christian - Protestant","No"
"California's 9th","CA-09","Democratic","Man","White - Non-Hispanic","174252","128358","1951","Christian - Roman Catholic","No"
"California's 10th","CA-10","Democratic","Man","White - Non-Hispanic","166865","135629","1986","Christian - Protestant","No"
"California's 11th","CA-11","Democratic","Man","White - Non-Hispanic","271063","100293","1952","Christian - Roman Catholic","No"
"California's 12th","CA-12","Democratic","Woman","White - Non-Hispanic","281776","0","1940","Christian - Roman Catholic","No"
"California's 13th","CA-13","Democratic","Woman","Black - African-American","327863","34955","1946","Christian - Protestant - Baptist","No"
"California's 14th","CA-14","Democratic","Woman","White - Non-Hispanic","278300","72705","1950","Christian - Roman Catholic","No"
"California's 15th","CA-15","Democratic","Man","White - Non-Hispanic","242991","99710","1980","Christian - Protestant","No"
"California's 16th","CA-16","Democratic","Man","White - Portuguese-American","128690","88039","1952","Christian - Roman Catholic","No"
"California's 17th","CA-17","Democratic","Man","Asian - Indian","212137","85199","1976","Hindu","No"
"California's 18th","CA-18","Democratic","Woman","White - Armenian","217388","0","1942","Christian - Chaldean Catholic","No"
"California's 19th","CA-19","Democratic","Woman","White - Non-Hispanic","224385","88642","1947","Christian - Protestant - Lutheran","No"
"California's 20th","CA-20","Democratic","Man","White - Non-Hispanic","236896","71658","1969","Christian - Roman Catholic","No"
"California's 21st","CA-21","Republican","Man","White - Portuguese-American","84406","85928","1977","Christian - Roman Catholic","No"
"California's 22nd","CA-22","Vacant (R)","","","144251","170888","","",""
"California's 23rd","CA-23","Republican","Man","White - Non-Hispanic","115896","190222","1965","Christian - Protestant - Baptist","No"
"California's 24th","CA-24","Democratic","Man","Hispanic - Mexican","212564","149781","1964","Christian - Roman Catholic","No"
"California's 25th","CA-25","Republican","Man","Hispanic - Mexican","169305","169638","1976","Christian - Protestant","No"
"California's 26th","CA-26","Democratic","Woman","White - Non-Hispanic","208856","135877","1952","Christian - Protestant - Episcopalian","No"
"California's 27th","CA-27","Democratic","Woman","Asian - Chinese","221411","95907","1953","Unitarian Universalist","No"
"California's 28th","CA-28","Democratic","Man","White - Non-Hispanic","244271","91928","1960","Jewish","No"
"California's 29th","CA-29","Democratic","Man","Hispanic - Mexican","119420","0","1963","Christian - Protestant","No"
"California's 30th","CA-30","Democratic","Man","White - Non-Hispanic","240038","105426","1954","Jewish","No"
"California's 31st","CA-31","Democratic","Man","Hispanic - Mexican","175315","110735","1979","Christian - Roman Catholic","No"
"California's 32nd","CA-32","Democratic","Woman","Hispanic - Mexican","172942","86818","1936","Christian - Roman Catholic","No"
"California's 33rd","CA-33","Democratic","Man","Asian - Taiwanese","257094","123334","1969","Christian - Roman Catholic","No"
"California's 34th","CA-34","Democratic","Man","Hispanic - Mexican","108792","0","1974","Christian - Roman Catholic","No"
"California's 35th","CA-35","Democratic","Woman","Hispanic - Guatemalan","169405","74941","1965","Christian - Roman Catholic","No"
"California's 36th","CA-36","Democratic","Man","Hispanic - Mexican","185151","121698","1972","Christian - Protestant - Seventh-Day Adventist","No"
"California's 37th","CA-37","Democratic","Woman","Black - African-American","254916","41705","1953","Christian - Protestant - Baptist","No"
"California's 38th","CA-38","Democratic","Woman","Hispanic - Mexican","190467","0","1969","Christian - Roman Catholic","No"
"California's 39th","CA-39","Republican","Woman","Asian - Korean","169837","173946","1962","Christian - Protestant","No"
"California's 40th","CA-40","Democratic","Woman","Hispanic - Mexican","135572","50809","1941","Christian - Roman Catholic","No"
"California's 41st","CA-41","Democratic","Man","Asian - Japanese","168126","94447","1960","Christian - Protestant - Methodist","Gay"
"California's 42nd","CA-42","Republican","Man","White - Non-Hispanic","157773","210274","1953","Christian - Protestant - Episcopalian","No"
"California's 43rd","CA-43","Democratic","Woman","Black - African-American","199210","78688","1938","Christian - Protestant","No"
"California's 44th","CA-44","Democratic","Woman","Hispanic - Mexican","139661","0","1976","Christian - Roman Catholic","No"
"California's 45th","CA-45","Democratic","Woman","White - Non-Hispanic","221843","193096","1974","Christian - Protestant - Episcopalian","No"
"California's 46th","CA-46","Democratic","Man","Hispanic - Mexican","157803","71716","1958","Christian - Roman Catholic","No"
"California's 47th","CA-47","Democratic","Man","White - Non-Hispanic","197028","114371","1941","Jewish","No"
"California's 48th","CA-48","Republican","Woman","Asian - Korean","193362","201738","1955","Christian - Protestant","No"
"California's 49th","CA-49","Democratic","Man","Hispanic - Mexican / Jewish","205349","181157","1978","Christian - Roman Catholic","No"
"California's 50th","CA-50","Republican","Man","White - Middle Eastern - Lebanese","166869","195521","1953","Christian - Eastern Orthodox","No"
"California's 51st","CA-51","Democratic","Man","Hispanic - Mexican","165596","76841","1961","Christian - Roman Catholic","No"
"California's 52nd","CA-52","Democratic","Man","White - Non-Hispanic","244145","152350","1958","Christian - Protestant - Lutheran","No"
"California's 53rd","CA-53","Democratic","Woman","White - Non-Hispanic","135614","0","1989","Jewish","No"
"Colorado's 1st","CO-01","Democratic","Woman","White - Non-Hispanic","331621","105955","1957","Christian - Protestant - Presbyterian","No"
"Colorado's 2nd","CO-02","Democratic","Man","Black - Eritrean","316925","182547","1984","Christian - Protestant","No"
"Colorado's 3rd","CO-03","Republican","Woman","White - Non-Hispanic","194122","220634","1986","Christian - Protestant - Nondenominational","No"
"Colorado's 4th","CO-04","Republican","Man","White - Non-Hispanic","173945","285606","1959","Christian - Protestant","No"
"Colorado's 5th","CO-05","Republican","Man","White - Non-Hispanic","161600","249013","1954","Christian - Protestant","No"
"Colorado's 6th","CO-06","Democratic","Man","White - Non-Hispanic","250314","175192","1979","Christian - Protestant - Nondenominational","No"
"Colorado's 7th","CO-07","Democratic","Man","White - Non-Hispanic","250525","159301","1953","Christian - Protestant","No"
"Connecticut's 1st","CT-01","Democratic","Man","White - Non-Hispanic","222668","122111","1948","Christian - Roman Catholic","No"
"Connecticut's 2nd","CT-02","Democratic","Man","White - Non-Hispanic","217982","140340","1953","Christian - Roman Catholic","No"
"Connecticut's 3rd","CT-03","Democratic","Woman","White - Non-Hispanic","203265","137596","1943","Christian - Roman Catholic","No"
"Connecticut's 4th","CT-04","Democratic","Man","White - Non-Hispanic","223832","130627","1966","Christian - Protestant - Presbyterian","No"
"Connecticut's 5th","CT-05","Democratic","Woman","Black - African-American","192484","151988","1973","Christian - Protestant - Methodist","No"
"Delaware's At-Large","DE-00","Democratic","Woman","Black - African-American","281382","196392","1962","Christian - Protestant","No"
"Florida's 1st","FL-01","Republican","Man","White - Non-Hispanic","149172","283352","1982","Christian - Protestant - Baptist","No"
"Florida's 2nd","FL-02","Republican","Man","White - Non-Hispanic","0","305337","1953","Christian - Roman Catholic","No"
"Florida's 3rd","FL-03","Republican","Woman","White - Non-Hispanic","167326","223075","1988","Christian - Protestant","No"
"Florida's 4th","FL-04","Republican","Man","White - Non-Hispanic","196423","308497","1952","Christian - Roman Catholic","No"
"Florida's 5th","FL-05","Democratic","Man","Black - African-American","219463","117510","1948","Christian - Protestant - Episcopalian","No"
"Florida's 6th","FL-06","Republican","Man","White - Non-Hispanic","172305","265393","1974","Christian - Protestant","No"
"Florida's 7th","FL-07","Democratic","Woman","Asian - Vietnamese","224946","175750","1978","Christian - Protestant","No"
"Florida's 8th","FL-08","Republican","Man","White - Non-Hispanic","177695","282093","1947","Christian - Protestant - Methodist","No"
"Florida's 9th","FL-09","Democratic","Man","Hispanic - Puerto Rican","240724","188889","1978","Christian - Roman Catholic","No"
"Florida's 10th","FL-10","Democratic","Woman","Black - African-American","239434","136889","1957","Christian - Protestant","No"
"Florida's 11th","FL-11","Republican","Man","White - Non-Hispanic","158094","316979","1949","Christian - Protestant - Southern Baptist","No"
"Florida's 12th","FL-12","Republican","Man","White - Non-Hispanic","168194","284941","1963","Christian - Eastern Orthodox","No"
"Florida's 13th","FL-13","Democratic","Man","White - Non-Hispanic","215405","190713","1956","Christian - Protestant - Methodist","No"
"Florida's 14th","FL-14","Democratic","Woman","White - Non-Hispanic","224240","147896","1966","Christian - Protestant - Presbyterian","No"
"Florida's 15th","FL-15","Republican","Man","White - Non-Hispanic","174297","216374","1964","Christian - Protestant - Presbyterian","No"
"Florida's 16th","FL-16","Republican","Man","White - Non-Hispanic","215683","269001","1951","Christian - Protestant - Southern Baptist","No"
"Florida's 17th","FL-17","Republican","Man","White - Non-Hispanic","140487","266514","1978","Christian - Protestant - Methodist","No"
"Florida's 18th","FL-18","Republican","Man","Hispanic - Mexican","186674","253286","1980","Christian - Protestant","No"
"Florida's 19th","FL-19","Republican","Man","Black - African-American","172146","272440","1978","Christian - Protestant","No"
"Florida's 20th","FL-20","Democratic","Woman","Black - Hatian","253661","68748","1979","",""
"Florida's 21st","FL-21","Democratic","Woman","White - Non-Hispanic","237925","157612","1948","Jewish","No"
"Florida's 22nd","FL-22","Democratic","Man","White - Non-Hispanic","235764","166553","1966","Jewish","No"
"Florida's 23rd","FL-23","Democratic","Woman","White - Non-Hispanic","221239","158874","1966","Jewish","No"
"Florida's 24th","FL-24","Democratic","Woman","Black - African-American","218825","59084","1942","Christian - Protestant - Episcopalian","No"
"Florida's 25th","FL-25","Republican","Man","Hispanic - Cuban","0","0","1961","Christian - Roman Catholic","No"
"Florida's 26th","FL-26","Republican","Man","Hispanic - Cuban","165407","177223","1954","Christian - Roman Catholic","No"
"Florida's 27th","FL-27","Republican","Woman","Hispanic - Cuban","166758","176141","1961","Christian - Protestant","No"
"Georgia's 1st","GA-01","Republican","Man","White - Non-Hispanic","135238","189457","1957","Christian - Protestant - Methodist","No"
"Georgia's 2nd","GA-02","Democratic","Man","Black - African-American","161397","111620","1947","Christian - Protestant - Baptist","No"
"Georgia's 3rd","GA-03","Republican","Man","White - Non-Hispanic","129792","241526","1966","Christian - Protestant - Nondenominational","No"
"Georgia's 4th","GA-04","Democratic","Man","Black - African-American","278906","69393","1954","Buddhist - Soka Gakkai","No"
"Georgia's 5th","GA-05","Democratic","Woman","Black - African-American","301857","52646","1978","Christian - Protestant - Methodist","No"
"Georgia's 6th","GA-06","Democratic","Woman","Black - African-American","216775","180329","1960","Christian - Protestant","No"
"Georgia's 7th","GA-07","Democratic","Woman","White - Non-Hispanic","190900","180564","1970","Christian - Protestant","No"
"Georgia's 8th","GA-08","Republican","Man","White - Non-Hispanic","109264","198701","1969","Christian - Protestant - Southern Baptist","No"
"Georgia's 9th","GA-09","Republican","Man","White - Non-Hispanic","79797","292750","1963","Christian - Protestant - Southern Baptist","No"
"Georgia's 10th","GA-10","Republican","Man","White - Non-Hispanic","142636","235810","1960","Christian - Protestant - Southern Baptist","No"
"Georgia's 11th","GA-11","Republican","Man","White - Non-Hispanic","160623","245259","1963","Christian - Protestant - Baptist","No"
"Georgia's 12th","GA-12","Republican","Man","White - Non-Hispanic","129061","181038","1951","Christian - Protestant - Methodist","No"
"Georgia's 13th","GA-13","Democratic","Man","Black - African-American","279045","81476","1946","Christian - Protestant - Baptist","No"
"Georgia's 14th","GA-14","Republican","Woman","White - Non-Hispanic","77798","229827","1974","Christian - Protestant","No"
"Hawaii's 1st","HI-01","Democratic","Man","White - Non-Hispanic","183245","71188","1952","Christian - Protestant","No"
"Hawaii's 2nd","HI-02","Democratic","Man","Native Hawaiian","171517","84027","1974","Unknown/Refused","No"
"Idaho's 1st","ID-01","Republican","Man","White - Non-Hispanic","131380","310736","1965","Christian - Protestant","No"
"Idaho's 2nd","ID-02","Republican","Man","White - Non-Hispanic","124151","250669","1950","Christian - Mormon","No"
"Illinois' 1st","IL-01","Democratic","Man","Black - African-American","239943","85027","1946","Christian - Protestant","No"
"Illinois' 2nd","IL-02","Democratic","Woman","Black - African-American","234896","63142","1956","Christian - Protestant - Nondenominational","No"
"Illinois' 3rd","IL-03","Democratic","Woman","White - Non-Hispanic","172997","133851","1964","Christian - Roman Catholic","No"
"Illinois' 4th","IL-04","Democratic","Man","Hispanic - Mexican","187219","35518","1956","Christian - Roman Catholic","No"
"Illinois' 5th","IL-05","Democratic","Man","White - Non-Hispanic","255661","96200","1959","Christian - Protestant","No"
"Illinois' 6th","IL-06","Democratic","Man","White - Non-Hispanic","213777","183891","1971","Unknown/Refused","No"
"Illinois' 7th","IL-07","Democratic","Man","Black - African-American","249383","41390","1941","Christian - Protestant - Baptist","No"
"Illinois' 8th","IL-08","Democratic","Man","Asian - Indian","186251","0","1973","Hindu","No"
"Illinois' 9th","IL-09","Democratic","Woman","White - Non-Hispanic","262045","107125","1944","Jewish","No"
"Illinois' 10th","IL-10","Democratic","Man","White - Non-Hispanic","202402","114442","1961","Jewish","No"
"Illinois' 11th","IL-11","Democratic","Man","White - Non-Hispanic","194557","112807","1955","Unknown/Refused","No"
"Illinois' 12th","IL-12","Republican","Man","White - Non-Hispanic","127577","194839","1960","Christian - Protestant - Southern Baptist","No"
"Illinois' 13th","IL-13","Republican","Man","White - Non-Hispanic","151648","181373","1970","Christian - Roman Catholic","No"
"Illinois' 14th","IL-14","Democratic","Woman","Black - African-American","203209","197835","1986","Christian - Protestant","No"
"Illinois' 15th","IL-15","Republican","Woman","White - Non-Hispanic","88559","244947","1959","Christian - Protestant","No"
"Illinois' 16th","IL-16","Republican","Man","White - Non-Hispanic","119313","218839","1978","Christian - Protestant","No"
"Illinois' 17th","IL-17","Democratic","Woman","White - Non-Hispanic","156011","143863","1961","Christian - Roman Catholic","No"
"Illinois' 18th","IL-18","Republican","Man","White - Middle Eastern - Lebanese","110039","261840","1968","Christian - Roman Catholic","No"
"Indiana's 1st","IN-01","Democratic","Man","White - Non-Hispanic","185180","132247","1969","Christian - Roman Catholic","No"
"Indiana's 2nd","IN-02","Republican","Woman","White - Non-Hispanic","114967","183601","1963","Christian - Evangelical Protestant","No"
"Indiana's 3rd","IN-03","Republican","Man","White - Non-Hispanic","104762","220989","1979","Christian - Protestant","No"
"Indiana's 4th","IN-04","Republican","Man","White - Non-Hispanic","112984","225531","1945","Christian - Protestant","No"
"Indiana's 5th","IN-05","Republican","Woman","White - Non-Hispanic (Ukranian)","191226","208212","1978","Christian - Eastern Orthodox","No"
"Indiana's 6th","IN-06","Republican","Man","White - Non-Hispanic","91103","225319","1956","Christian - Roman Catholic","No"
"Indiana's 7th","IN-07","Democratic","Man","Black - African-American","176422","106146","1974","Muslim","No"
"Indiana's 8th","IN-08","Republican","Man","White - Non-Hispanic","95691","214643","1962","Christian - Protestant - Lutheran","No"
"Indiana's 9th","IN-09","Republican","Man","White - Non-Hispanic","122566","222057","1983","Christian - Protestant","No"
"Iowa's 1st","IA-01","Republican","Woman","White - Non-Hispanic","201347","212088","1983","Christian - Protestant - Nondenominational","No"
"Iowa's 2nd","IA-02","Republican","Woman","White - Non-Hispanic","196958","196964","1955","Christian - Roman Catholic","No"
"Iowa's 3rd","IA-03","Democratic","Woman","White - Non-Hispanic","219205","212997","1965","Christian - Roman Catholic","No"
"Iowa's 4th","IA-04","Republican","Man","White - Non-Hispanic","144761","237369","1969","Christian - Protestant","No"
"Kansas' 1st","KS-01","Republican","Man","White - Non-Hispanic","84393","208229","1976","Christian - Protestant - Pietist","No"
"Kansas' 2nd","KS-02","Republican","Man","White - Non-Hispanic","136650","185464","1988","Christian - Roman Catholic","No"
"Kansas' 3rd","KS-03","Democratic","Woman","Native American - Ho-Chunk","220049","178773","1980","Unknown/Refused","Lesbian"
"Kansas' 4th","KS-04","Republican","Man","White - Non-Hispanic","116166","203432","1956","Christian - Protestant - Lutheran","No"
"Kentucky's 1st","KY-01","Republican","Man","White - Non-Hispanic","82141","246329","1943","Christian - Protestant - Southern Baptist","No"
"Kentucky's 2nd","KY-02","Republican","Man","White - Non-Hispanic","94643","255735","1964","Christian - Restorationist","No"
"Kentucky's 3rd","KY-03","Democratic","Man","White - Non-Hispanic","230672","137425","1947","Jewish","No"
"Kentucky's 4th","KY-04","Republican","Man","White - Non-Hispanic","125896","256613","1971","Christian - Protestant - Methodist","No"
"Kentucky's 5th","KY-05","Republican","Man","White - Non-Hispanic","47056","250914","1937","Christian - Protestant - Southern Baptist","No"
"Kentucky's 6th","KY-06","Republican","Man","White - Non-Hispanic","155011","216948","1973","Christian - Protestant - Episcopalian","No"
"Louisiana's 1st","LA-01","Republican","Man","White - Non-Hispanic","94730","270330","1965","Christian - Roman Catholic","No"
"Louisiana's 2nd","LA-02","Democratic","Man","Black - African-American","201636","47575","1963","","No"
"Louisiana's 3rd","LA-03","Republican","Man","White - Non-Hispanic","60852","230480","1961","Christian - Protestant","No"
"Louisiana's 4th","LA-04","Republican","Man","White - Non-Hispanic","78157","185265","1972","Christian - Protestant - Southern Baptist","No"
"Louisiana's 5th","LA-05","Republican","Woman","White - Non-Hispanic","50812","102533","1981","Christian","No"
"Louisiana's 6th","LA-06","Republican","Man","White - Middle Eastern - Lebanese","95541","265706","1972","Christian - Roman Catholic","No"
"Maine's 1st","ME-01","Democratic","Woman","White - Non-Hispanic","271004","165008","1955","Christian - Protestant - Lutheran","No"
"Maine's 2nd","ME-02","Democratic","Man","White - Non-Hispanic","197974","175228","1982","Unknown/Refused","No"
"Maryland's 1st","MD-01","Republican","Man","White - Non-Hispanic","143877","250901","1957","Christian - Roman Catholic","No"
"Maryland's 2nd","MD-02","Democratic","Man","White - Non-Hispanic","224836","106355","1946","Christian - Protestant - Methodist","No"
"Maryland's 3rd","MD-03","Democratic","Man","White - Non-Hispanic","260358","112117","1962","Christian - Eastern Orthodox","No"
"Maryland's 4th","MD-04","Democratic","Man","Black - Jamaican","282119","71671","1961","Christian - Roman Catholic","No"
"Maryland's 5th","MD-05","Democratic","Man","White - Non-Hispanic","274210","123525","1939","Christian - Protestant - Baptist","No"
"Maryland's 6th","MD-06","Democratic","Man","White - Non-Hispanic","215540","143599","1955","Christian - Protestant - Lutheran","No"
"Maryland's 7th","MD-07","Democratic","Man","Black - African-American","237084","92825","1948","Christian - Protestant - Baptist","No"
"Maryland's 8th","MD-08","Democratic","Man","White - Non-Hispanic","274716","127157","1962","Jewish","No"
"Massachusetts' 1st","MA-01","Democratic","Man","White - Non-Hispanic","275376","0","1949","Christian - Roman Catholic","No"
"Massachusetts' 2nd","MA-02","Democratic","Man","White - Non-Hispanic","249854","132220","1959","Christian - Roman Catholic","No"
"Massachusetts' 3rd","MA-03","Democratic","Woman","White - Portuguese-American","286896","0","1973","Christian - Roman Catholic","No"
"Massachusetts' 4th","MA-04","Democratic","Man","White - Non-Hispanic","251102","160474","1988","Jewish","No"
"Massachusetts' 5th","MA-05","Democratic","Woman","White - Non-Hispanic","294427","101351","1963","Christian - Protestant","No"
"Massachusetts' 6th","MA-06","Democratic","Man","White - Non-Hispanic","286377","150695","1978","Christian - Protestant","No"
"Massachusetts' 7th","MA-07","Democratic","Woman","Black - African-American","267362","0","1974","Christian - Protestant - Baptist","No"
"Massachusetts' 8th","MA-08","Democratic","Man","White - Non-Hispanic","310940","0","1955","Christian - Roman Catholic","No"
"Massachusetts' 9th","MA-09","Democratic","Man","White - Non-Hispanic","260262","154261","1952","Christian - Roman Catholic","No"
"Michigan's 1st","MI-01","Republican","Man","White - Non-Hispanic","153328","256581","1947","Christian - Protestant - Lutheran","No"
"Michigan's 2nd","MI-02","Republican","Man","White - Non-Hispanic","154122","238711","1969","Christian - Protestant - Reformed (Calvinist)","No"
"Michigan's 3rd","MI-03","Republican","Man","White - Non-Hispanic","189769","213649","1988","Christian - Protestant","No"
"Michigan's 4th","MI-04","Republican","Man","White - Non-Hispanic","120802","242621","1961","Christian - Protestant","No"
"Michigan's 5th","MI-05","Democratic","Man","White - Non-Hispanic","196599","150772","1958","Christian - Roman Catholic","No"
"Michigan's 6th","MI-06","Republican","Man","White - Non-Hispanic","152085","211496","1953","Christian - Protestant","No"
"Michigan's 7th","MI-07","Republican","Man","White - Non-Hispanic","159743","227524","1951","Christian - Evangelical Protestant - United Brethren","No"
"Michigan's 8th","MI-08","Democratic","Woman","White - Non-Hispanic","217922","202525","1976","Jewish","No"
"Michigan's 9th","MI-09","Democratic","Man","White - Non-Hispanic","230318","153296","1960","Jewish","No"
"Michigan's 10th","MI-10","Republican","Woman","White - Non-Hispanic","138179","271607","1966","Christian - Roman Catholic","No"
"Michigan's 11th","MI-11","Democratic","Woman","White - Non-Hispanic","226128","215405","1983","Christian - Protestant","No"
"Michigan's 12th","MI-12","Democratic","Woman","White - Non-Hispanic","254957","117719","1953","Christian - Roman Catholic","No"
"Michigan's 13th","MI-13","Democratic","Woman","Middle Eastern - Palestinian","223205","53311","1976","Muslim","No"
"Michigan's 14th","MI-14","Democratic","Woman","Black - African-American","271370","62664","1954","Christian - Protestant","No"
"Minnesota's 1st","MN-01","Vacant (R)","","","167890","179234","","",""
"Minnesota's 2nd","MN-02","Democratic","Woman","White - Non-Hispanic","204534","194954","1972","Christian - Protestant - Lutheran","Lesbian"
"Minnesota's 3rd","MN-03","Democratic","Man","White - Non-Hispanic","246666","196625","1969","Jewish","No"
"Minnesota's 4th","MN-04","Democratic","Woman","White - Non-Hispanic","245813","112730","1954","Christian - Roman Catholic","No"
"Minnesota's 5th","MN-05","Democratic","Woman","Black - Somali","255924","102878","1982","Muslim","No"
"Minnesota's 6th","MN-06","Republican","Man","White - Non-Hispanic","140853","270901","1961","Christian - Roman Catholic","No"
"Minnesota's 7th","MN-07","Republican","Woman","White - Non-Hispanic","144840","194066","1965","Christian - Roman Catholic","No"
"Minnesota's 8th","MN-08","Republican","Man","White - Non-Hispanic","147853","223432","1966","Christian - Roman Catholic","No"
"Mississippi's 1st","MS-01","Republican","Man","White - Non-Hispanic","104008","228787","1966","Christian - Protestant - Methodist","No"
"Mississippi's 2nd","MS-02","Democratic","Man","Black - African-American","196224","101010","1948","Christian - Protestant - Methodist","No"
"Mississippi's 3rd","MS-03","Republican","Man","White - Non-Hispanic","120782","221064","1970","Christian - Protestant - Southern Baptist","No"
"Mississippi's 4th","MS-04","Republican","Man","White - Non-Hispanic","0","255971","1970","Christian - Roman Catholic","No"
"Missouri's 1st","MO-01","Democratic","Woman","Black - African-American","249087","59940","1976","Christian - Protestant - Nondenominational","No"
"Missouri's 2nd","MO-02","Republican","Woman","White - Non-Hispanic","204540","233157","1962","Christian - Roman Catholic","No"
"Missouri's 3rd","MO-03","Republican","Man","White - Non-Hispanic","116095","282866","1960","Christian - Roman Catholic","No"
"Missouri's 4th","MO-04","Republican","Woman","White - Non-Hispanic","107635","245247","1960","Christian - Evangelical Protestant","No"
"Missouri's 5th","MO-05","Democratic","Man","Black - African-American","207180","135934","1944","Christian - Protestant - Methodist","No"
"Missouri's 6th","MO-06","Republican","Man","White - Non-Hispanic","118926","258709","1963","Christian - Protestant - Southern Baptist","No"
"Missouri's 7th","MO-07","Republican","Man","White - Non-Hispanic","98111","254318","1955","Christian - Protestant - Presbyterian","No"
"Missouri's 8th","MO-08","Republican","Man","White - Non-Hispanic","70561","253811","1980","Christian - Evangelical Protestant - Pentecostal","No"
"Montana's At-Large","MT-00","Republican","Man","White - Non-Hispanic","262340","339169","1960","Christian - Roman Catholic","No"
"Nebraska's 1st","NE-01","Republican","Man","White - Non-Hispanic","119622","189006","1960","Christian - Roman Catholic","No"
"Nebraska's 2nd","NE-02","Republican","Man","White - Non-Hispanic","155706","171071","1963","Christian - Protestant","No"
"Nebraska's 3rd","NE-03","Republican","Man","White - Non-Hispanic","50690","225157","1970","Christian - Evangelical Protestant - Free Church","No"
"Nevada's 1st","NV-01","Democratic","Woman","White - Non-Hispanic","137868","74490","1950","Christian - Eastern Orthodox","No"
"Nevada's 2nd","NV-02","Republican","Man","White - Non-Hispanic","155780","216078","1958","Christian - Protestant","No"
"Nevada's 3rd","NV-03","Democratic","Woman","White - Non-Hispanic","203421","190975","1966","Christian - Roman Catholic","No"
"Nevada's 4th","NV-04","Democratic","Man","Black - African-American/Trinidadian","168457","152284","1973","Christian - Protestant - Baptist","No"
"New Hampshire's 1st","NH-01","Democratic","Man","White - Non-Hispanic","205606","185159","1980","Christian - Eastern Orthodox","Gay"
"New Hampshire's 2nd","NH-02","Democratic","Woman","White - Non-Hispanic","208289","168886","1956","Christian - Protestant - Episcopalian","No"
"New Jersey's 1st","NJ-01","Democratic","Man","White - Non-Hispanic","240567","144463","1958","Christian - Protestant - Lutheran","No"
"New Jersey's 2nd","NJ-02","Republican","Man","White - Non-Hispanic","173849","195526","1953","Christian - Roman Catholic","No"
"New Jersey's 3rd","NJ-03","Democratic","Man","Asian - Korean","229840","196327","1982","Christian - Protestant - Presbyterian","No"
"New Jersey's 4th","NJ-04","Republican","Man","White - Non-Hispanic","162420","254103","1953","Christian - Roman Catholic","No"
"New Jersey's 5th","NJ-05","Democratic","Man","White - Non-Hispanic","225175","193333","1975","Jewish","No"
"New Jersey's 6th","NJ-06","Democratic","Man","White - Non-Hispanic","199648","126760","1951","Christian - Roman Catholic","No"
"New Jersey's 7th","NJ-07","Democratic","Man","White - Non-Hispanic (Polish)","219629","214318","1965","Unknown/Refused","No"
"New Jersey's 8th","NJ-08","Democratic","Man","Hispanic - Cuban","176758","58686","1951","Christian - Roman Catholic","No"
"New Jersey's 9th","NJ-09","Democratic","Man","White - Non-Hispanic","203674","98629","1937","Christian - Roman Catholic","No"
"New Jersey's 10th","NJ-10","Democratic","Man","Black - African-American","241522","40298","1958","Christian - Protestant - Baptist","No"
"New Jersey's 11th","NJ-11","Democratic","Woman","White - Non-Hispanic","235163","206013","1972","Christian - Roman Catholic","No"
"New Jersey's 12th","NJ-12","Democratic","Woman","Black - African-American","230883","114591","1945","Christian - Protestant - Baptist","No"
"New Mexico's 1st","NM-01","Democratic","Woman","White - Non-Hispanic","186953","134337","1979","","No"
"New Mexico's 2nd","NM-02","Republican","Woman","Native American - Cherokee Nation","122546","142283","1964","Christian - Protestant","No"
"New Mexico's 3rd","NM-03","Democratic","Woman","Hispanic","186282","131166","1959","Christian - Roman Catholic","No"
"New York's 1st","NY-01","Republican","Man","White - Non-Hispanic","157484","199763","1980","Jewish","No"
"New York's 2nd","NY-02","Republican","Man","White - Non-Hispanic","154123","177353","1984","Christian - Roman Catholic","No"
"New York's 3rd","NY-03","Democratic","Man","White - Non-Hispanic","208412","161907","1962","Christian - Roman Catholic","No"
"New York's 4th","NY-04","Democratic","Woman","White - Non-Hispanic","199762","153007","1965","Christian - Roman Catholic","No"
"New York's 5th","NY-05","Democratic","Man","Black - African-American","229125","0","1953","Christian - Protestant - Methodist","No"
"New York's 6th","NY-06","Democratic","Woman","Asian - Taiwanese","158862","74829","1975","Christian - Protestant","No"
"New York's 7th","NY-07","Democratic","Woman","Hispanic - Puerto Rican","191073","32520","1953","Christian - Roman Catholic","No"
"New York's 8th","NY-08","Democratic","Man","Black - African-American","234933","42007","1970","Christian - Protestant - Baptist","No"
"New York's 9th","NY-09","Democratic","Woman","Black - Jamaican","230221","43950","1964","Christian - Protestant - African Methodist Episcopal","No"
"New York's 10th","NY-10","Democratic","Man","White - Non-Hispanic","206310","66889","1947","Jewish","No"
"New York's 11th","NY-11","Republican","Woman","Hispanic - Cuban","137198","155608","1980","Christian - Eastern Orthodox","No"
"New York's 12th","NY-12","Democratic","Woman","White - Non-Hispanic","265172","53061","1948","Christian - Protestant - Presbyterian","No"
"New York's 13th","NY-13","Democratic","Man","Hispanic - Dominican","231841","19829","1954","Christian - Roman Catholic","No"
"New York's 14th","NY-14","Democratic","Woman","Hispanic - Puerto Rican","152661","58440","1989","Christian - Roman Catholic","No"
"New York's 15th","NY-15","Democratic","Man","Black - African-American / Hispanic - Puerto Rican","169533","21221","1988","Christian - Protestant","Gay"
"New York's 16th","NY-16","Democratic","Man","Black - African-American","218471","0","1976","Unknown/Refused","No"
"New York's 17th","NY-17","Democratic","Man","Black - African-American","197353","117307","1987","Christian - Protestant - Baptist","Gay"
"New York's 18th","NY-18","Democratic","Man","White - Non-Hispanic","187169","145098","1966","Christian - Roman Catholic","Gay"
"New York's 19th","NY-19","Democratic","Man","Black - African-American / Hispanic - Puerto Rican","192100","151475","1977","Unknown/Refused","No"
"New York's 20th","NY-20","Democratic","Man","White - Non-Hispanic","219705","139446","1949","Christian - Roman Catholic","No"
"New York's 21st","NY-21","Republican","Woman","White - Non-Hispanic","131992","188649","1984","Christian - Roman Catholic","No"
"New York's 22nd","NY-22","Republican","Woman","White - Non-Hispanic","155989","156098","1961","Christian - Protestant - Presbyterian","No"
"New York's 23rd","NY-23","Republican","Man","White - Non-Hispanic","129014","181060","1971","Christian - Roman Catholic","No"
"New York's 24th","NY-24","Republican","Man","White - Non-Hispanic","147638","182567","1962","Christian - Roman Catholic","No"
"New York's 25th","NY-25","Democratic","Man","White - Non-Hispanic","206396","136198","1957","Christian - Roman Catholic","No"
"New York's 26th","NY-26","Democratic","Man","White - Non-Hispanic","223276","91687","1959","Christian - Roman Catholic","No"
"New York's 27th","NY-27","Republican","Man","White - Non-Hispanic","149559","229044","1966","Unknown/Refused","No"
"North Carolina's 1st","NC-01","Democratic","Man","Black - African-American/Bermudan","188870","159748","1947","Christian - Protestant - Baptist","No"
"North Carolina's 2nd","NC-02","Democratic","Woman","White - Non-Hispanic","311887","172544","1963","Unitarian Universalist","No"
"North Carolina's 3rd","NC-03","Republican","Man","White - Non-Hispanic","132752","229800","1963","Christian - Roman Catholic","No"
"North Carolina's 4th","NC-04","Democratic","Man","White - Non-Hispanic","332421","161298","1940","Christian - Protestant - Baptist","No"
"North Carolina's 5th","NC-05","Republican","Woman","White - Non-Hispanic","119846","257843","1943","Christian - Roman Catholic","No"
"North Carolina's 6th","NC-06","Democratic","Woman","White - Non-Hispanic","253531","153598","1956","Jewish","No"
"North Carolina's 7th","NC-07","Republican","Man","White - Non-Hispanic","179045","272443","1972","Christian - Protestant - Southern Baptist","No"
"North Carolina's 8th","NC-08","Republican","Man","White - Non-Hispanic","177781","202774","1971","Christian - Protestant","No"
"North Carolina's 9th","NC-09","Republican","Man","White - Non-Hispanic","179463","224661","1964","Christian - Protestant","No"
"North Carolina's 10th","NC-10","Republican","Man","White - Non-Hispanic","128189","284095","1975","Christian - Roman Catholic","No"
"North Carolina's 11th","NC-11","Republican","Man","White - Non-Hispanic","190609","245351","1995","Christian - Protestant","No"
"North Carolina's 12th","NC-12","Democratic","Woman","Black - African-American","341457","0","1946","Christian - Protestant - Baptist","No"
"North Carolina's 13th","NC-13","Republican","Man","White - Non-Hispanic","124684","267181","1971","Christian - Protestant - Nondenominational","No"
"North Dakota's At-Large","ND-00","Republican","Man","White - Non-Hispanic","97970","245229","1976","Christian - Protestant - Lutheran","No"
"Ohio's 1st","OH-01","Republican","Man","White - Non-Hispanic","172022","199560","1953","Christian - Roman Catholic","No"
"Ohio's 2nd","OH-02","Republican","Man","White - Non-Hispanic","146781","230430","1958","Christian - Roman Catholic","No"
"Ohio's 3rd","OH-03","Democratic","Woman","Black - African-American","227420","93569","1950","Christian - Protestant - Baptist","No"
"Ohio's 4th","OH-04","Republican","Man","White - Non-Hispanic","101897","235875","1964","Christian - Protestant","No"
"Ohio's 5th","OH-05","Republican","Man","White - Non-Hispanic","120962","257019","1956","Christian - Roman Catholic","No"
"Ohio's 6th","OH-06","Republican","Man","White - Non-Hispanic","85661","249130","1954","Christian - Protestant","No"
"Ohio's 7th","OH-07","Republican","Man","White - Non-Hispanic","102271","236607","1954","Christian - Protestant - Methodist","No"
"Ohio's 8th","OH-08","Republican","Man","White - Non-Hispanic","110766","246277","1970","Christian - Protestant","No"
"Ohio's 9th","OH-09","Democratic","Woman","White - Non-Hispanic","190328","111385","1946","Christian - Roman Catholic","No"
"Ohio's 10th","OH-10","Republican","Man","White - Non-Hispanic","151976","212972","1960","Christian - Protestant - Presbyterian","No"
"Ohio's 11th","OH-11","Democratic","Woman","Black - African-American","242098","60323","1975","","No"
"Ohio's 12th","OH-12","Republican","Man","White - Non-Hispanic","182847","241790","1962","Christian - Protestant","No"
"Ohio's 13th","OH-13","Democratic","Man","White - Non-Hispanic","173631","148648","1973","Christian - Roman Catholic","No"
"Ohio's 14th","OH-14","Republican","Man","White - Non-Hispanic","158586","238864","1957","Christian - Roman Catholic","No"
"Ohio's 15th","OH-15","Republican","Man","White - Non-Hispanic","140183","243103","1971","Christian","No"
"Ohio's 16th","OH-16","Republican","Man","Hispanic - Cuban","144071","247335","1984","Christian - Roman Catholic","No"
"Oklahoma's 1st","OK-01","Republican","Man","White - Non-Hispanic","109641","213700","1961","Christian - Protestant","No"
"Oklahoma's 2nd","OK-02","Republican","Man","Native American - Cherokee Nation","63472","216511","1977","Christian - Evangelical Protestant - Pentecostal","No"
"Oklahoma's 3rd","OK-03","Republican","Man","White - Non-Hispanic","66501","242677","1960","Christian - Protestant - Southern Baptist","No"
"Oklahoma's 4th","OK-04","Republican","Man","Native American - Chickasaw","90459","213096","1949","Christian - Protestant - Methodist","No"
"Oklahoma's 5th","OK-05","Republican","Woman","Middle Eastern - Iranian","145658","158191","1973","Christian - Roman Catholic","No"
"Oregon's 1st","OR-01","Democratic","Woman","White - Non-Hispanic","297071","161928","1954","Jewish","No"
"Oregon's 2nd","OR-02","Republican","Man","White - Non-Hispanic","168881","273835","1952","Christian - Roman Catholic","No"
"Oregon's 3rd","OR-03","Democratic","Man","White - Non-Hispanic","343574","110570","1948","Unknown/Refused","No"
"Oregon's 4th","OR-04","Democratic","Man","White - Non-Hispanic","240950","216081","1947","Christian - Roman Catholic","No"
"Oregon's 5th","OR-05","Democratic","Man","White - Non-Hispanic","234863","204372","1951","Christian - Protestant - Episcopalian","No"
"Pennsylvania's 1st","PA-01","Republican","Man","White - Non-Hispanic","191875","249804","1973","Christian - Roman Catholic","No"
"Pennsylvania's 2nd","PA-02","Democratic","Man","White - Non-Hispanic","198140","75022","1977","Christian - Roman Catholic","No"
"Pennsylvania's 3rd","PA-03","Democratic","Man","Black - African-American","341708","33671","1954","Christian - Protestant - Baptist","No"
"Pennsylvania's 4th","PA-04","Democratic","Woman","White - Non-Hispanic","264637","179926","1959","Christian - Roman Catholic","No"
"Pennsylvania's 5th","PA-05","Democratic","Woman","White - Non-Hispanic","255743","139552","1959","Christian - Roman Catholic","No"
"Pennsylvania's 6th","PA-06","Democratic","Woman","White - Non-Hispanic","226440","177526","1967","Unknown/Refused","No"
"Pennsylvania's 7th","PA-07","Democratic","Woman","White - Non-Hispanic","195713","181569","1957","Jewish","No"
"Pennsylvania's 8th","PA-08","Democratic","Man","White - Non-Hispanic","178407","166203","1961","Christian - Roman Catholic","No"
"Pennsylvania's 9th","PA-09","Republican","Man","White - Non-Hispanic","118266","232988","1964","Christian - Roman Catholic","No"
"Pennsylvania's 10th","PA-10","Republican","Man","White - Non-Hispanic","182938","208896","1962","Christian - Evangelical Protestant - United Brethren","No"
"Pennsylvania's 11th","PA-11","Republican","Man","White - Non-Hispanic","141325","241915","1964","Christian - Protestant - Lutheran","No"
"Pennsylvania's 12th","PA-12","Republican","Man","White - Non-Hispanic","99199","241035","1965","Christian - Protestant - United Church of Christ","No"
"Pennsylvania's 13th","PA-13","Republican","Man","White - Non-Hispanic","96612","267789","1957","Christian - Roman Catholic","No"
"Pennsylvania's 14th","PA-14","Republican","Man","White - Non-Hispanic","131882","241680","1983","Christian - Protestant","No"
"Pennsylvania's 15th","PA-15","Republican","Man","White - Non-Hispanic","92151","255055","1959","Christian - Protestant","No"
"Pennsylvania's 16th","PA-16","Republican","Man","White - Non-Hispanic","143962","210088","1948","Christian - Roman Catholic","No"
"Pennsylvania's 17th","PA-17","Democratic","Man","White - Non-Hispanic","222253","212284","1984","Christian - Roman Catholic","No"
"Pennsylvania's 18th","PA-18","Democratic","Man","White - Non-Hispanic","266084","118163","1953","Christian - Roman Catholic","No"
"Rhode Island's 1st","RI-01","Democratic","Man","White - Non-Hispanic","158550","0","1961","Jewish","Gay"
"Rhode Island's 2nd","RI-02","Democratic","Man","White - Non-Hispanic","154086","109894","1964","Christian - Roman Catholic","No"
"South Carolina's 1st","SC-01","Republican","Woman","White - Non-Hispanic","210627","216042","1977","Christian - Protestant - Nondenominational","No"
"South Carolina's 2nd","SC-02","Republican","Man","White - Non-Hispanic","155118","202715","1947","Christian - Protestant - Presbyterian","No"
"South Carolina's 3rd","SC-03","Republican","Man","White - Non-Hispanic","95712","237544","1966","Christian - Protestant - Southern Baptist","No"
"South Carolina's 4th","SC-04","Republican","Man","White - Non-Hispanic","133023","222126","1984","Christian - Protestant - Episcopalian","No"
"South Carolina's 5th","SC-05","Republican","Man","White - Non-Hispanic","145979","220006","1953","Christian - Protestant - Presbyterian","No"
"South Carolina's 6th","SC-06","Democratic","Man","Black - African-American","197477","89258","1940","Christian - Protestant - African Methodist Episcopal","No"
"South Carolina's 7th","SC-07","Republican","Man","White - Non-Hispanic","138863","224993","1957","Christian - Protestant - Episcopalian","No"
"South Dakota's At-Large","SD-00","Republican","Man","White - Non-Hispanic","0","321984","1976","Christian - Protestant","No"
"Tennessee's 1st","TN-01","Republican","Woman","White - Non-Hispanic","68617","228181","1960","Christian - Protestant - Southern Baptist","No"
"Tennessee's 2nd","TN-02","Republican","Man","White - Non-Hispanic","109684","238907","1964","Christian - Protestant - Presbyterian","No"
"Tennessee's 3rd","TN-03","Republican","Man","White - Non-Hispanic","97687","215571","1962","Christian - Roman Catholic","No"
"Tennessee's 4th","TN-04","Republican","Man","White - Non-Hispanic","111908","223802","1964","Christian - Protestant - Episcopalian","No"
"Tennessee's 5th","TN-05","Democratic","Man","White - Non-Hispanic","252155","0","1954","Christian - Protestant - Episcopalian","No"
"Tennessee's 6th","TN-06","Republican","Man","White - Non-Hispanic","83852","257572","1965","Christian - Protestant","No"
"Tennessee's 7th","TN-07","Republican","Man","White - Non-Hispanic","95839","245188","1964","Christian - Protestant","No"
"Tennessee's 8th","TN-08","Republican","Man","White - Non-Hispanic","97890","227216","1966","Jewish","No"
"Tennessee's 9th","TN-09","Democratic","Man","White - Non-Hispanic","187905","48818","1949","Jewish","No"
"Texas' 1st","TX-01","Republican","Man","White - Non-Hispanic","83016","219726","1953","Christian - Protestant - Southern Baptist","No"
"Texas' 2nd","TX-02","Republican","Man","White - Non-Hispanic","148374","192828","1984","Christian - Protestant - Methodist","No"
"Texas' 3rd","TX-03","Republican","Man","White - Non-Hispanic","179458","230512","1972","Christian - Protestant - Episcopalian","No"
"Texas' 4th","TX-04","Republican","Man","White - Non-Hispanic","76326","253837","1967","Christian - Roman Catholic","No"
"Texas' 5th","TX-05","Republican","Man","White - Non-Hispanic","100743","173836","1982","Christian - Restorationist","No"
"Texas' 6th","TX-06","Republican","Man","White - Non-Hispanic","149530","179507","1970","","No"
"Texas' 7th","TX-07","Democratic","Woman","White - Non-Hispanic","159529","149054","1975","Christian - Protestant - Methodist","No"
"Texas' 8th","TX-08","Republican","Man","White - Non-Hispanic","97409","277327","1955","Christian - Roman Catholic","No"
"Texas' 9th","TX-09","Democratic","Man","Black - African-American","172938","49575","1947","Christian - Protestant - Southern Baptist","No"
"Texas' 10th","TX-10","Republican","Man","White - Non-Hispanic","187686","217216","1962","Christian - Roman Catholic","No"
"Texas' 11th","TX-11","Republican","Man","White - Non-Hispanic","53394","232568","1978","Christian - Protestant","No"
"Texas' 12th","TX-12","Republican","Woman","White - Non-Hispanic","121250","233853","1943","Christian - Protestant - Methodist","No"
"Texas' 13th","TX-13","Republican","Man","White - Non-Hispanic","50477","217124","1967","Christian - Restorationist","No"
"Texas' 14th","TX-14","Republican","Man","White - Non-Hispanic","118574","190541","1953","Christian - Protestant - Baptist","No"
"Texas' 15th","TX-15","Democratic","Man","Hispanic","115605","109017","1967","Christian - Roman Catholic","No"
"Texas' 16th","TX-16","Democratic","Woman","Hispanic","154108","84006","1969","Christian - Roman Catholic","No"
"Texas' 17th","TX-17","Republican","Man","White - Non-Hispanic","125565","171390","1955","Christian - Protestant - Methodist","No"
"Texas' 18th","TX-18","Democratic","Woman","Black - Jamaican","180952","58033","1950","Christian - Protestant - Seventh-Day Adventist","No"
"Texas' 19th","TX-19","Republican","Man","White - Non-Hispanic","60583","198198","1972","Christian - Protestant - Presbyterian","No"
"Texas' 20th","TX-20","Democratic","Man","Hispanic - Mexican","175078","89628","1974","Christian - Roman Catholic","No"
"Texas' 21st","TX-21","Republican","Man","White - Non-Hispanic","205780","235740","1972","Christian - Protestant - Southern Baptist","No"
"Texas' 22nd","TX-22","Republican","Man","White - Non-Hispanic","181998","210259","1968","Christian - Protestant","No"
"Texas' 23rd","TX-23","Republican","Man","Hispanic - Mexican","137693","149395","1980","Christian - Roman Catholic","No"
"Texas' 24th","TX-24","Republican","Woman","White - Non-Hispanic","163326","167910","1970","Christian - Protestant - Episcopalian","No"
"Texas' 25th","TX-25","Republican","Man","White - Non-Hispanic","165697","220088","1949","Christian - Protestant - Disciples of Christ","No"
"Texas' 26th","TX-26","Republican","Man","White - Non-Hispanic","161009","261963","1950","Christian - Protestant - Episcopalian","No"
"Texas' 27th","TX-27","Republican","Man","White - Non-Hispanic","95466","172305","1975","Christian - Protestant","No"
"Texas' 28th","TX-28","Democratic","Man","Hispanic - Mexican","137494","91925","1955","Christian - Roman Catholic","No"
"Texas' 29th","TX-29","Democratic","Woman","Hispanic - Mexican","111305","42840","1950","Christian - Roman Catholic","No"
"Texas' 30th","TX-30","Democratic","Woman","Black - African-American","204928","48685","1935","Christian - Protestant - Baptist","No"
"Texas' 31st","TX-31","Republican","Man","White - Non-Hispanic","176293","212695","1941","Christian - Protestant - Lutheran","No"
"Texas' 32nd","TX-32","Democratic","Man","Black - African-American","178542","157867","1983","Christian - Protestant - Methodist","No"
"Texas' 33rd","TX-33","Democratic","Man","Black - African-American","105317","39638","1971","Christian - Protestant - Southern Baptist","No"
"Texas' 34th","TX-34","Democratic","Man","Hispanic - Mexican","111439","84119","1963","Christian - Roman Catholic","No"
"Texas' 35th","TX-35","Democratic","Man","White - Non-Hispanic","176373","80795","1946","Christian - Protestant - Methodist","No"
"Texas' 36th","TX-36","Republican","Man","White - Non-Hispanic","73418","222712","1948","Christian - Protestant - Southern Baptist","No"
"Utah's 1st","UT-01","Republican","Man","White - Non-Hispanic","104194","237988","1980","Christian - Mormon","No"
"Utah's 2nd","UT-02","Republican","Man","White - Non-Hispanic","129762","208997","1960","Christian - Mormon","No"
"Utah's 3rd","UT-03","Republican","Man","White - Non-Hispanic","96067","246674","1960","Christian - Mormon","No"
"Utah's 4th","UT-04","Republican","Man","Black - African-American","175923","179688","1951","Christian - Mormon","No"
"Vermont's At-Large","VT-00","Democratic","Man","White - Non-Hispanic","238827","95830","1947","Christian - Roman Catholic","No"
"Virginia's 1st","VA-01","Republican","Man","White - Non-Hispanic","186923","260614","1959","Christian - Protestant - Episcopalian","No"
"Virginia's 2nd","VA-02","Democratic","Woman","White - Non-Hispanic","185733","165031","1975","Jewish","No"
"Virginia's 3rd","VA-03","Democratic","Man","Black - African-American/Asian - Filipino","233326","107299","1947","Christian - Protestant - Episcopalian","No"
"Virginia's 4th","VA-04","Democratic","Man","Black - African-American","241142","149625","1961","Christian - Protestant - Baptist","No"
"Virginia's 5th","VA-05","Republican","Man","White - Non-Hispanic","190315","210988","1965","Christian - Evangelical Protestant","No"
"Virginia's 6th","VA-06","Republican","Man","White - Non-Hispanic","134729","246606","1972","Christian - Roman Catholic","No"
"Virginia's 7th","VA-07","Democratic","Woman","White - Non-Hispanic","230893","222623","1979","Christian - Protestant","No"
"Virginia's 8th","VA-08","Democratic","Man","White - Non-Hispanic","301454","95365","1950","Christian - Protestant - Episcopalian","No"
"Virginia's 9th","VA-09","Republican","Man","White - Non-Hispanic","0","271851","1958","Christian - Protestant - Episcopalian","No"
"Virginia's 10th","VA-10","Democratic","Woman","White - Non-Hispanic","268734","206253","1968","Unknown/Refused","No"
"Virginia's 11th","VA-11","Democratic","Man","White - Non-Hispanic","280725","111380","1950","Christian - Roman Catholic","No"
"Washington's 1st","WA-01","Democratic","Woman","White - Non-Hispanic","249944","176407","1963","Christian - Protestant - Episcopalian","No"
"Washington's 2nd","WA-02","Democratic","Man","White - Non-Hispanic","255252","148384","1965","Christian - Protestant - Methodist","No"
"Washington's 3rd","WA-03","Republican","Woman","Hispanic - Mexican","181347","235579","1978","Christian - Protestant","No"
"Washington's 4th","WA-04","Republican","Man","White - Non-Hispanic","102667","202108","1955","Christian - Protestant - Presbyterian","No"
"Washington's 5th","WA-05","Republican","Woman","White - Non-Hispanic","155737","247815","1969","Christian - Protestant - Nondenominational","No"
"Washington's 6th","WA-06","Democratic","Man","White - Non-Hispanic","247429","168783","1974","Christian - Protestant - Methodist","No"
"Washington's 7th","WA-07","Democratic","Woman","Asian - Indian","387109","78240","1965","Unknown/Refused","No"
"Washington's 8th","WA-08","Democratic","Woman","White - Non-Hispanic","213123","198423","1968","Jewish","No"
"Washington's 9th","WA-09","Democratic","Man","White - Non-Hispanic","258771","89697","1965","Christian - Protestant - Episcopalian","No"
"Washington's 10th","WA-10","Democratic","Woman","Black - African-American/Asian - Korean","167937","0","1962","Christian - Protestant","No"
"West Virginia's 1st","WV-01","Republican","Man","White - Non-Hispanic","81177","180488","1947","Christian - Protestant - Episcopalian","No"
"West Virginia's 2nd","WV-02","Republican","Man","Hispanic - Cuban","100799","172195","1971","Christian - Roman Catholic","No"
"West Virginia's 3rd","WV-03","Republican","Woman","White - Non-Hispanic","64927","161585","1950","Christian - Protestant - Baptist","No"
"Wisconsin's 1st","WI-01","Republican","Man","White - Non-Hispanic","163170","238271","1981","Christian - Roman Catholic","No"
"Wisconsin's 2nd","WI-02","Democratic","Man","White - Non-Hispanic","318523","138306","1964","Unknown/Refused","Gay"
"Wisconsin's 3rd","WI-03","Democratic","Man","White - Non-Hispanic","199870","189524","1963","Christian - Protestant - Lutheran","No"
"Wisconsin's 4th","WI-04","Democratic","Woman","Black - African-American","232668","70769","1951","Christian - Protestant - Baptist","No"
"Wisconsin's 5th","WI-05","Republican","Man","White - Non-Hispanic","175902","265434","1963","Christian - Roman Catholic","No"
"Wisconsin's 6th","WI-06","Republican","Man","White - Non-Hispanic","164239","238874","1955","Christian - Protestant - Lutheran","No"
"Wisconsin's 7th","WI-07","Republican","Man","White - Non-Hispanic","162741","252048","1957","Christian - Protestant","No"
"Wisconsin's 8th","WI-08","Republican","Man","White - Non-Hispanic","149558","268173","1984","Christian - Roman Catholic","No"
"Wyoming's At-Large","WY-00","Republican","Woman","White - Non-Hispanic","66576","185732","1966","Christian - Protestant - Methodist","No"
